Técnica,insert_ms,search_ms,range_search_ms,delete_ms,add_ms,remove_ms,range_search_km_ms,knn_ms
ISAM,1.5528700000000395,0.31472799999998635,0.3300550000000513,1.398302000000018,,,,
Extendible Hashing,,0.3738370000000435,,,1.36540400000007,0.16259100000004523,,
B+Tree,0.6585660000000271,0.5262059999999735,0.17788100000004636,0.39903100000004965,,1.7265779999999786,,
R-Tree,,,,,,,,
